filename	onset	offset	event_label
Y00pbt6aJV8Y_350.000_360.000.wav	0.0	9.971	Vacuum_cleaner
Y00pK0GMmE9s_70.000_80.000.wav	0.0	10.0	Vacuum_cleaner
Y02sD1KJeoGA_50.000_60.000.wav	0.0	10.0	Frying
Y0a8RB5eOGJ4_30.000_40.000.wav	0.28600000000000003	0.725	Dog
Y0a8RB5eOGJ4_30.000_40.000.wav	2.094	2.387	Dog
Y0a8RB5eOGJ4_30.000_40.000.wav	2.6430000000000002	3.016	Dog
Y0a8RB5eOGJ4_30.000_40.000.wav	3.287	3.66	Dog
Y0a8RB5eOGJ4_30.000_40.000.wav	3.946	4.3919999999999995	Dog
Y0a8RB5eOGJ4_30.000_40.000.wav	4.671	5.1610000000000005	Dog
Y0a8RB5eOGJ4_30.000_40.000.wav	7.621	8.404	Dog
Y0a8RB5eOGJ4_30.000_40.000.wav	8.836	9.202	Dog
Y0a8RB5eOGJ4_30.000_40.000.wav	9.458	9.927	Dog
Y0bjUq9XMMmQ_30.000_40.000.wav	0.0	10.0	Frying
Y0BnyrbZz8Jk_30.000_40.000.wav	1.127	2.6430000000000002	Dog
Y0BnyrbZz8Jk_30.000_40.000.wav	2.963	4.744	Dog
Y0BnyrbZz8Jk_30.000_40.000.wav	6.069	10.0	Dog
Y0cGgIDhIfdA_30.000_40.000.wav	3.2960000000000003	4.394	Dog
Y0cGgIDhIfdA_30.000_40.000.wav	5.003	6.109	Dog
Y0cGgIDhIfdA_30.000_40.000.wav	7.362	8.988999999999999	Dog
Y0cH_NlhhMAs_30.000_40.000.wav	1.71	6.005	Cat
Y0CYxiRkfVhw_30.000_40.000.wav	0.0	1.359	Dog
Y0CYxiRkfVhw_30.000_40.000.wav	2.2880000000000003	3.9760000000000004	Dog
Y0CYxiRkfVhw_30.000_40.000.wav	4.476	10.0	Dog
Y0d8dFoWQ2KA_30.000_40.000.wav	2.918	3.335	Dog
Y0d8dFoWQ2KA_30.000_40.000.wav	4.841	5.553	Dog
Y0d8dFoWQ2KA_30.000_40.000.wav	6.888	7.287000000000001	Dog
Y0eh_N-cmcuI_350.000_360.000.wav	0.467	0.7170000000000001	Alarm_bell_ringing
Y0eh_N-cmcuI_350.000_360.000.wav	1.919	10.0	Running_water
Y0eh_N-cmcuI_350.000_360.000.wav	5.417999999999999	5.8629999999999995	Speech
Y0eh_N-cmcuI_350.000_360.000.wav	7.79	10.0	Speech
Y0eNfQDAbn_Y_20.000_30.000.wav	0.133	0.779	Dog
Y0eNfQDAbn_Y_20.000_30.000.wav	1.466	4.4430000000000005	Dog
Y0eNfQDAbn_Y_20.000_30.000.wav	4.651	5.3839999999999995	Dog
Y0eNfQDAbn_Y_20.000_30.000.wav	6.537999999999999	7.744	Dog
Y0eNfQDAbn_Y_20.000_30.000.wav	7.957000000000001	8.937999999999999	Dog
Y0eNfQDAbn_Y_20.000_30.000.wav	9.129	9.913	Dog
Y0hAK5f1tDok_30.000_40.000.wav	6.367000000000001	7.226	Cat
Y0izj5OZGtg8_30.000_40.000.wav	1.835	2.7	Dog
Y0izj5OZGtg8_30.000_40.000.wav	5.994	7.2	Dog
Y0j-mPw3WpVw_10.000_20.000.wav	1.1520000000000001	10.0	Electric_shaver_toothbrush
Y0j-mPw3WpVw_10.000_20.000.wav	5.012	10.0	Speech
Y0kAaPH2wrvM_140.000_150.000.wav	0.0	10.0	Vacuum_cleaner
Y0kAaPH2wrvM_140.000_150.000.wav	2.094	3.375	Speech
Y0kAaPH2wrvM_140.000_150.000.wav	4.246	4.868	Speech
Y0kAaPH2wrvM_140.000_150.000.wav	7.13	8.88	Speech
Y0KarxIguv18_180.000_190.000.wav	5.227	10.0	Electric_shaver_toothbrush
Y0lNm9pXXHxA_0.000_9.000.wav	3.0839999999999996	3.884	Cat
Y0lUFEAnnET8_30.000_40.000.wav	1.776	3.114	Dog
Y0lUFEAnnET8_30.000_40.000.wav	4.361000000000001	4.678	Dog
Y0lUFEAnnET8_30.000_40.000.wav	5.0	6.037000000000001	Dog
Y0lUFEAnnET8_30.000_40.000.wav	6.5520000000000005	7.693	Dog
Y0m5K90TnZhI_30.000_40.000.wav	0.0	0.72	Dog
Y0m5K90TnZhI_30.000_40.000.wav	2.685	3.986	Speech
Y0m5K90TnZhI_30.000_40.000.wav	4.573	5.063	Dog
Y0m5K90TnZhI_30.000_40.000.wav	8.055	10.0	Dog
Y0plDocPM9Ig_80.000_90.000.wav	2.654	10.0	Running_water
Y0q87keOtUNQ_21.000_31.000.wav	1.5	2.526	Running_water
Y0q87keOtUNQ_21.000_31.000.wav	1.787	2.813	Cat
Y0q87keOtUNQ_21.000_31.000.wav	3.7230000000000003	4.655	Cat
Y0q87keOtUNQ_21.000_31.000.wav	5.9510000000000005	6.712000000000001	Cat
Y0q87keOtUNQ_21.000_31.000.wav	7.147	8.636000000000001	Running_water
Y0q87keOtUNQ_21.000_31.000.wav	9.171	9.557	Cat
Y0R4uO4Vy9c0_110.000_120.000.wav	0.0	1.246	Cat
Y0R4uO4Vy9c0_110.000_120.000.wav	1.751	3.002	Cat
Y0sYcEVTfF2E_0.000_10.000.wav	0.767	1.294	Speech
Y0sYcEVTfF2E_0.000_10.000.wav	1.693	1.9969999999999999	Speech
Y0sYcEVTfF2E_0.000_10.000.wav	2.58	4.069	Speech
Y0sYcEVTfF2E_0.000_10.000.wav	4.297	9.265	Running_water
Y0um2ui52eyo_60.000_70.000.wav	0.0	6.757000000000001	Running_water
Y0UN02RkbG_U_7.000_17.000.wav	0.0	0.389	Cat
Y0UN02RkbG_U_7.000_17.000.wav	1.537	2.984	Cat
Y0UN02RkbG_U_7.000_17.000.wav	3.812	4.583	Cat
Y0UN02RkbG_U_7.000_17.000.wav	7.5729999999999995	8.158999999999999	Cat
Y0_WMZB4Xc5o_30.000_40.000.wav	0.0	3.1839999999999997	Running_water
Y0_WMZB4Xc5o_30.000_40.000.wav	3.467	3.717	Running_water
Y-0X1juZHG6I_30.000_40.000.wav	2.585	10.0	Running_water
Y0xciMnHCZL0_30.000_40.000.wav	0.0	10.0	Frying
Y0XED4i5Jkzw_300.000_310.000.wav	6.574	8.361	Dog
Y0XMeGiszPYE_30.000_40.000.wav	0.0	1.069	Cat
Y0XMeGiszPYE_30.000_40.000.wav	1.911	3.5210000000000004	Cat
Y0XMeGiszPYE_30.000_40.000.wav	4.627	6.135	Cat
Y0XMeGiszPYE_30.000_40.000.wav	7.5329999999999995	8.426	Cat
Y0XMeGiszPYE_30.000_40.000.wav	9.627	10.0	Cat
Y0zjb1cI6aEs_13.000_23.000.wav	1.3030000000000002	1.891	Cat
Y0zjb1cI6aEs_13.000_23.000.wav	2.7039999999999997	3.4189999999999996	Cat
Y0zjb1cI6aEs_13.000_23.000.wav	4.9239999999999995	5.777	Cat
Y0zjb1cI6aEs_13.000_23.000.wav	9.11	9.641	Cat
Y1-0EYLUEbRo_340.000_350.000.wav	0.0	2.435	Speech
Y1-0EYLUEbRo_340.000_350.000.wav	0.0	5.837999999999999	Blender
Y1-0EYLUEbRo_340.000_350.000.wav	2.6710000000000003	6.117999999999999	Speech
Y1-0EYLUEbRo_340.000_350.000.wav	6.506	7.847	Speech
Y1-0EYLUEbRo_340.000_350.000.wav	8.176	10.0	Speech
Y13YvwUoLde8_10.000_20.000.wav	0.0	10.0	Running_water
Y18-ffRBe48A_20.000_30.000.wav	0.0	1.4140000000000001	Running_water
Y18-ffRBe48A_20.000_30.000.wav	2.394	9.954	Running_water
Y18hLbtiGqes_40.000_50.000.wav	0.0	10.0	Electric_shaver_toothbrush
Y19PS9dyGe64_100.000_110.000.wav	3.367	10.0	Running_water
Y19UacScA26s_70.000_80.000.wav	0.0	1.7630000000000001	Dishes
Y19UacScA26s_70.000_80.000.wav	2.432	3.5610000000000004	Dishes
Y19UacScA26s_70.000_80.000.wav	3.878	4.128	Dishes
Y1asrcrzsvuo_160.000_170.000.wav	0.0	10.0	Blender
Y1asrcrzsvuo_160.000_170.000.wav	1.8630000000000002	2.932	Speech
Y1bPtEqPp1ZI_20.000_30.000.wav	2.62	10.0	Running_water
Y1easzswv0OM_130.000_140.000.wav	0.0	1.604	Speech
Y1easzswv0OM_130.000_140.000.wav	1.5	3.116	Blender
Y1easzswv0OM_130.000_140.000.wav	3.572	6.111000000000001	Blender
Y1easzswv0OM_130.000_140.000.wav	6.434	8.193999999999999	Speech
Y1easzswv0OM_130.000_140.000.wav	9.561	10.0	Speech
Y1eaWEhXlpS0_110.000_120.000.wav	0.0	4.186	Running_water
Y1eaWEhXlpS0_110.000_120.000.wav	7.688	10.0	Running_water
Y1eOhQvtQHm0_160.000_170.000.wav	0.0	10.0	Blender
Y1eOhQvtQHm0_160.000_170.000.wav	1.2930000000000001	2.209	Speech
Y1eOhQvtQHm0_160.000_170.000.wav	6.739	7.7139999999999995	Speech
Y1eOhQvtQHm0_160.000_170.000.wav	8.378	9.583	Speech
Y1FADrYkCEjY_30.000_40.000.wav	0.0	1.183	Alarm_bell_ringing
Y1FADrYkCEjY_30.000_40.000.wav	1.702	6.226	Speech
Y1FADrYkCEjY_30.000_40.000.wav	6.445	8.886000000000001	Speech
Y1HQyUAfYFHw_0.000_10.000.wav	0.121	10.0	Vacuum_cleaner
Y1juKQIs5ePc_50.000_60.000.wav	0.0	10.0	Frying
Y1KFRlXZfnIA_13.000_23.000.wav	0.0	9.442	Vacuum_cleaner
Y1KFRlXZfnIA_13.000_23.000.wav	2.6660000000000004	2.9160000000000004	Cat
Y1MYIYf82ZnM_30.000_40.000.wav	0.996	10.0	Running_water
Y1NbotQwFUTg_30.000_40.000.wav	0.32299999999999995	1.375	Dishes
Y1NbotQwFUTg_30.000_40.000.wav	1.851	2.4619999999999997	Dishes
Y1NbotQwFUTg_30.000_40.000.wav	2.115	10.0	Running_water
Y1NbotQwFUTg_30.000_40.000.wav	2.8080000000000003	3.137	Dishes
Y1NbotQwFUTg_30.000_40.000.wav	3.478	3.8539999999999996	Dishes
Y1NbotQwFUTg_30.000_40.000.wav	5.071000000000001	6.14	Dishes
Y1NbotQwFUTg_30.000_40.000.wav	6.586	9.624	Dishes
Y1NYJAJXYyNY_350.000_360.000.wav	0.483	10.0	Frying
Y1NYJAJXYyNY_350.000_360.000.wav	1.354	2.233	Speech
Y1NYJAJXYyNY_350.000_360.000.wav	4.041	5.037	Speech
Y1NYJAJXYyNY_350.000_360.000.wav	7.513	7.763999999999999	Dishes
Y1NYJAJXYyNY_350.000_360.000.wav	9.047	9.676	Dishes
Y1pqXL2y7nZ4_30.000_40.000.wav	3.1039999999999996	4.478	Cat
Y1pqXL2y7nZ4_30.000_40.000.wav	5.268	6.079	Cat
Y1pqXL2y7nZ4_30.000_40.000.wav	5.343	7.005	Speech
Y1pqXL2y7nZ4_30.000_40.000.wav	8.5	9.14	Cat
Y1QK5WA4dK4o_400.000_410.000.wav	0.0	0.25	Dishes
Y1QK5WA4dK4o_400.000_410.000.wav	0.45	0.938	Dishes
Y1QK5WA4dK4o_400.000_410.000.wav	1.131	1.844	Dishes
Y1QK5WA4dK4o_400.000_410.000.wav	1.9969999999999999	2.878	Dishes
Y1QK5WA4dK4o_400.000_410.000.wav	3.0469999999999997	4.008	Dishes
Y1QK5WA4dK4o_400.000_410.000.wav	4.743	5.656000000000001	Dishes
Y1QK5WA4dK4o_400.000_410.000.wav	6.011	6.261	Dishes
Y1QK5WA4dK4o_400.000_410.000.wav	7.317	8.126	Dishes
Y1rq1I--vGwo_220.000_230.000.wav	0.605	3.1260000000000003	Speech
Y1rq1I--vGwo_220.000_230.000.wav	4.8	10.0	Running_water
Y1tFkjBMoUkM_90.000_100.000.wav	1.124	4.871	Alarm_bell_ringing
Y1tFkjBMoUkM_90.000_100.000.wav	2.465	2.906	Speech
Y1tFkjBMoUkM_90.000_100.000.wav	3.1180000000000003	4.647	Speech
Y1tFkjBMoUkM_90.000_100.000.wav	5.388	8.1	Speech
Y1tFkjBMoUkM_90.000_100.000.wav	8.576	9.706	Speech
Y1U4D63urKlo_90.000_100.000.wav	0.0	0.917	Speech
Y1U4D63urKlo_90.000_100.000.wav	1.093	10.0	Frying
Y1U4D63urKlo_90.000_100.000.wav	9.342	10.0	Speech
Y1-uo7YWqF3Q_30.000_40.000.wav	3.0180000000000002	4.155	Cat
Y1-uo7YWqF3Q_30.000_40.000.wav	6.388	7.617000000000001	Cat
Y1-uo7YWqF3Q_30.000_40.000.wav	9.406	10.0	Cat
Y1vp4q7nBedI_420.000_430.000.wav	1.929	3.112	Alarm_bell_ringing
Y1vp4q7nBedI_420.000_430.000.wav	4.635	6.082000000000001	Alarm_bell_ringing
Y1vp4q7nBedI_420.000_430.000.wav	6.994	7.359	Speech
Y1vp4q7nBedI_420.000_430.000.wav	8.465	9.306000000000001	Speech
Y1VPLhdQgQyE_2.000_12.000.wav	4.977	5.86	Cat
Y1VPLhdQgQyE_2.000_12.000.wav	7.707999999999999	8.351	Cat
Y1VPLhdQgQyE_2.000_12.000.wav	9.035	9.711	Cat
Y1WdoejoSGj8_60.000_70.000.wav	0.0	10.0	Frying
Y1WdoejoSGj8_60.000_70.000.wav	1.713	2.006	Dishes
Y1WdoejoSGj8_60.000_70.000.wav	3.616	3.866	Dishes
Y1WdoejoSGj8_60.000_70.000.wav	4.151	4.436	Dishes
Y1WdoejoSGj8_60.000_70.000.wav	4.685	4.985	Dishes
Y1wTYC26te1E_30.000_40.000.wav	0.0	10.0	Cat
Y1Zh0FA8mO-k_14.000_24.000.wav	6.356	6.917000000000001	Cat
Y1ZiKrVqYzVo_30.000_40.000.wav	1.056	1.72	Cat
Y1ZiKrVqYzVo_30.000_40.000.wav	4.864	5.666	Cat
Y1ZiKrVqYzVo_30.000_40.000.wav	6.803	7.617000000000001	Cat
Y21u5DMRvEhs_30.000_40.000.wav	7.843999999999999	9.347000000000001	Dishes
Y221Ia1cD5dQ_22.000_32.000.wav	6.567	7.086	Cat
Y27tTKJuekQc_0.000_10.000.wav	0.217	2.844	Speech
Y27tTKJuekQc_0.000_10.000.wav	4.771	8.19	Running_water
Y27tTKJuekQc_0.000_10.000.wav	6.122000000000001	7.087999999999999	Speech
Y27tTKJuekQc_0.000_10.000.wav	9.177	10.0	Speech
Y2b0EzAqILu0_30.000_40.000.wav	2.85	3.6180000000000003	Cat
Y2b0EzAqILu0_30.000_40.000.wav	4.435	5.018	Cat
Y2b0EzAqILu0_30.000_40.000.wav	5.324	5.712000000000001	Cat
Y2b0EzAqILu0_30.000_40.000.wav	6.353	7.382000000000001	Cat
Y2b0EzAqILu0_30.000_40.000.wav	7.888	8.288	Cat
Y2b0EzAqILu0_30.000_40.000.wav	8.565	9.235	Cat
Y2CSHWGtuxAY_30.000_40.000.wav	0.24100000000000002	2.8	Cat
Y2CSHWGtuxAY_30.000_40.000.wav	3.182	3.824	Cat
Y2CSHWGtuxAY_30.000_40.000.wav	6.394	6.893	Cat
Y2CSHWGtuxAY_30.000_40.000.wav	7.306	7.78	Cat
Y2DF8mtDke8k_460.000_470.000.wav	0.0	10.0	Frying
Y2DF8mtDke8k_460.000_470.000.wav	1.218	1.4680000000000002	Dishes
Y2DF8mtDke8k_460.000_470.000.wav	1.893	2.263	Dishes
Y2DF8mtDke8k_460.000_470.000.wav	2.827	7.98	Speech
Y2DF8mtDke8k_460.000_470.000.wav	3.11	3.592	Dishes
Y2DF8mtDke8k_460.000_470.000.wav	3.7969999999999997	4.103	Dishes
Y2DF8mtDke8k_460.000_470.000.wav	3.7969999999999997	4.492	Dishes
Y2DF8mtDke8k_460.000_470.000.wav	4.192	4.492	Dishes
Y2DF8mtDke8k_460.000_470.000.wav	7.98	8.23	Dishes
Y2DF8mtDke8k_460.000_470.000.wav	7.98	8.617	Dishes
Y2DF8mtDke8k_460.000_470.000.wav	8.367	8.617	Dishes
Y2DF8mtDke8k_460.000_470.000.wav	8.797	10.0	Dishes
Y2IxkjMrJxng_50.000_60.000.wav	0.52	8.294	Running_water
Y2KFRad_OEVM_30.000_40.000.wav	1.245	1.903	Cat
Y-2kt5gv42qI_150.000_160.000.wav	0.0	10.0	Electric_shaver_toothbrush
Y2o4Vqjzfhko_50.000_60.000.wav	0.0	10.0	Vacuum_cleaner
Y2R7p_Ac26mU_30.000_40.000.wav	3.9560000000000004	4.309	Dishes
Y2R7p_Ac26mU_30.000_40.000.wav	4.541	7.917999999999999	Dishes
Y2R7p_Ac26mU_30.000_40.000.wav	8.418	8.771	Dishes
Y2rEjHi9VQM0_7.000_17.000.wav	2.3569999999999998	3.005	Cat
Y2U6aYsjc1UM_130.000_140.000.wav	0.0	1.7	Speech
Y2U6aYsjc1UM_130.000_140.000.wav	1.7	2.553	Blender
Y2U6aYsjc1UM_130.000_140.000.wav	2.588	6.7410000000000005	Speech
Y2U6aYsjc1UM_130.000_140.000.wav	6.776	9.265	Blender
Y2U6aYsjc1UM_130.000_140.000.wav	9.294	9.982999999999999	Speech
Y2wG2Ar6VRMU_30.000_40.000.wav	8.184	8.917	Cat
Y2wm2zzXz308_60.000_70.000.wav	0.0	10.0	Vacuum_cleaner
Y2xYCc2ZQF4E_170.000_180.000.wav	0.0	10.0	Blender
Y2xYCc2ZQF4E_170.000_180.000.wav	3.053	4.283	Speech
Y2YRfPCbROkw_0.000_10.000.wav	2.101	10.0	Running_water
Y2yTAfCLLiRs_30.000_40.000.wav	4.412	6.297999999999999	Alarm_bell_ringing
Y2yTAfCLLiRs_30.000_40.000.wav	6.416	7.462000000000001	Speech
Y2yTAfCLLiRs_30.000_40.000.wav	7.92	10.0	Speech
Y2zGw5RW79xI_30.000_40.000.wav	0.0	2.123	Speech
Y2zGw5RW79xI_30.000_40.000.wav	5.71	10.0	Running_water
Y30N8kpX42Nc_30.000_40.000.wav	0.0	1.3119999999999998	Cat
Y30N8kpX42Nc_30.000_40.000.wav	1.953	2.9019999999999997	Cat
Y30N8kpX42Nc_30.000_40.000.wav	3.4360000000000004	4.086	Cat
Y30N8kpX42Nc_30.000_40.000.wav	4.4719999999999995	5.322	Cat
Y30N8kpX42Nc_30.000_40.000.wav	8.868	10.0	Cat
Y369SnL621UI_0.000_10.000.wav	0.0	1.4709999999999999	Cat
Y369SnL621UI_0.000_10.000.wav	5.612	7.535	Cat
Y369SnL621UI_0.000_10.000.wav	8.863999999999999	9.542	Cat
Y39PfIe5CrPU_30.000_40.000.wav	0.0	0.727	Speech
Y39PfIe5CrPU_30.000_40.000.wav	1.864	2.452	Speech
Y39PfIe5CrPU_30.000_40.000.wav	3.116	4.149	Alarm_bell_ringing
Y3c5KOAOX46I_30.000_40.000.wav	4.292	6.316	Alarm_bell_ringing
Y3dnn1v0osio_530.000_540.000.wav	0.39799999999999996	1.5290000000000001	Speech
Y3dnn1v0osio_530.000_540.000.wav	1.4140000000000001	2.735	Alarm_bell_ringing
Y3dnn1v0osio_530.000_540.000.wav	2.977	4.686	Speech
Y3dnn1v0osio_530.000_540.000.wav	5.718	7.507000000000001	Speech
Y3dVfAVhlAVo_30.000_40.000.wav	0.179	1.26	Cat
Y3dVfAVhlAVo_30.000_40.000.wav	4.681	5.231	Cat
Y3dVfAVhlAVo_30.000_40.000.wav	5.778	6.482	Cat
Y3dVfAVhlAVo_30.000_40.000.wav	7.0920000000000005	7.718999999999999	Cat
Y3dVfAVhlAVo_30.000_40.000.wav	8.293	8.865	Cat
Y3eN7ujFJzXQ_170.000_180.000.wav	0.0	10.0	Frying
Y3eN7ujFJzXQ_170.000_180.000.wav	2.36	2.7960000000000003	Dishes
Y3eN7ujFJzXQ_170.000_180.000.wav	3.0989999999999998	4.68	Speech
Y3eN7ujFJzXQ_170.000_180.000.wav	3.8689999999999998	4.638999999999999	Dishes
Y3eN7ujFJzXQ_170.000_180.000.wav	5.43	7.617000000000001	Speech
Y3eN7ujFJzXQ_170.000_180.000.wav	8.488	9.988	Speech
Y3evdpIZimWE_90.000_100.000.wav	0.0	9.982999999999999	Vacuum_cleaner
Y3evdpIZimWE_90.000_100.000.wav	6.371	7.412000000000001	Speech
Y3evdpIZimWE_90.000_100.000.wav	8.224	9.376	Speech
Y3FrK3RhGFGc_10.000_20.000.wav	4.694	9.982999999999999	Running_water
Y3jDkI9JjYuQ_0.000_10.000.wav	5.364	10.0	Running_water
Y3oZLoVYIHFQ_50.000_60.000.wav	0.0	10.0	Vacuum_cleaner
Y3W20yc8TE1s_30.000_40.000.wav	4.6160000000000005	5.417999999999999	Cat
Y3W20yc8TE1s_30.000_40.000.wav	5.666	6.22	Speech
Y3W20yc8TE1s_30.000_40.000.wav	7.49	8.148	Speech
Y3W20yc8TE1s_30.000_40.000.wav	8.794	9.486	Speech
Y494nsqffhTE_40.000_50.000.wav	0.0	10.0	Electric_shaver_toothbrush
Y4dujzoc7MHE_170.000_180.000.wav	0.0	4.965	Alarm_bell_ringing
Y4dujzoc7MHE_170.000_180.000.wav	6.9239999999999995	9.865	Alarm_bell_ringing
Y4DX3ZWoZbt8_0.000_10.000.wav	0.11699999999999999	10.0	Vacuum_cleaner
Y4e0riwTv0xY_170.000_180.000.wav	0.406	1.176	Speech
Y4e0riwTv0xY_170.000_180.000.wav	0.667	1.0590000000000002	Dishes
Y4e0riwTv0xY_170.000_180.000.wav	2.318	2.806	Dishes
Y4e0riwTv0xY_170.000_180.000.wav	3.4	3.947	Speech
Y4e0riwTv0xY_170.000_180.000.wav	4.312	4.824	Speech
Y4e0riwTv0xY_170.000_180.000.wav	4.853	5.318	Dishes
Y4e0riwTv0xY_170.000_180.000.wav	5.994	6.359	Dishes
Y4e0riwTv0xY_170.000_180.000.wav	6.806	7.376	Speech
Y4gSRzRQie2M_1.000_11.000.wav	0.0	0.301	Cat
Y4gSRzRQie2M_1.000_11.000.wav	2.52	2.77	Cat
Y4gSRzRQie2M_1.000_11.000.wav	3.674	3.928	Cat
Y4gyuJnj9iWw_110.000_120.000.wav	0.0	10.0	Running_water
Y4gyuJnj9iWw_110.000_120.000.wav	5.452000000000001	6.71	Speech
Y4gyuJnj9iWw_110.000_120.000.wav	7.18	8.126	Speech
Y4gyuJnj9iWw_110.000_120.000.wav	9.442	10.0	Speech
Y4hjW385XyHE_30.000_40.000.wav	0.86	1.238	Cat
Y4hjW385XyHE_30.000_40.000.wav	4.5760000000000005	5.058	Cat
Y4hjW385XyHE_30.000_40.000.wav	6.733	7.354	Cat
Y4hjW385XyHE_30.000_40.000.wav	8.464	8.885	Cat
Y4hMpfbdjIjo_40.000_50.000.wav	0.0	9.988	Cat
Y4jkJ3MhsYh0_170.000_180.000.wav	2.2159999999999997	4.2589999999999995	Running_water
Y4jkJ3MhsYh0_170.000_180.000.wav	4.994	10.0	Running_water
Y4ks0_dkWNGw_10.000_20.000.wav	6.48	6.965	Cat
Y4ks0_dkWNGw_10.000_20.000.wav	8.171	8.8	Cat
Y4le_42J5qkU_12.000_22.000.wav	0.7440000000000001	1.5390000000000001	Cat
Y4MdNHt91DHM_30.000_40.000.wav	0.76	1.123	Cat
Y4MdNHt91DHM_30.000_40.000.wav	1.3780000000000001	2.679	Cat
Y4MdNHt91DHM_30.000_40.000.wav	3.503	9.597999999999999	Cat
Y4_MSTYZF8ns_0.000_10.000.wav	2.416	2.782	Cat
Y4_MSTYZF8ns_0.000_10.000.wav	4.846	5.3	Cat
Y4_MSTYZF8ns_0.000_10.000.wav	6.406000000000001	9.019	Cat
Y4nv-GOe3h54_110.000_120.000.wav	0.0	0.92	Speech
Y4nv-GOe3h54_110.000_120.000.wav	0.0	9.984	Frying
Y4nv-GOe3h54_110.000_120.000.wav	2.862	3.557	Speech
Y4nv-GOe3h54_110.000_120.000.wav	3.563	3.872	Dishes
Y4nv-GOe3h54_110.000_120.000.wav	9.207	9.997	Speech
Y4o1WXDIYm9g_310.000_320.000.wav	0.0	9.988	Vacuum_cleaner
Y4U2-ZMKWgD0_380.000_390.000.wav	0.0	1.567	Speech
Y4U2-ZMKWgD0_380.000_390.000.wav	1.955	3.565	Speech
Y4U2-ZMKWgD0_380.000_390.000.wav	4.1	10.0	Running_water
Y4U2-ZMKWgD0_380.000_390.000.wav	8.441	9.927	Speech
Y4v9CMU2SXso_260.000_270.000.wav	0.0	10.0	Blender
Y4WLQloq6iLs_190.000_200.000.wav	0.0	4.919	Blender
Y4WLQloq6iLs_190.000_200.000.wav	5.871	6.72	Speech
Y4WLQloq6iLs_190.000_200.000.wav	8.594	9.136000000000001	Speech
Y4WLQloq6iLs_190.000_200.000.wav	9.612	9.949	Speech
Y4Yo_DkHXXjI_170.000_180.000.wav	0.0	0.542	Speech
Y4Yo_DkHXXjI_170.000_180.000.wav	0.0	6.325	Frying
Y4Yo_DkHXXjI_170.000_180.000.wav	0.7190000000000001	1.3980000000000001	Speech
Y4Yo_DkHXXjI_170.000_180.000.wav	1.845	3.843	Speech
Y4Yo_DkHXXjI_170.000_180.000.wav	1.933	2.533	Dishes
Y4Yo_DkHXXjI_170.000_180.000.wav	5.278	10.0	Speech
Y4Yo_DkHXXjI_170.000_180.000.wav	7.204	7.54	Dishes
Y4Z62K7wv6Po_280.000_290.000.wav	0.0	1.381	Speech
Y4Z62K7wv6Po_280.000_290.000.wav	2.291	6.234	Running_water
Y4Z62K7wv6Po_280.000_290.000.wav	4.0360000000000005	6.046	Speech
Y4Z62K7wv6Po_280.000_290.000.wav	6.404	10.0	Speech
Y-4ZFguO-v8M_50.000_60.000.wav	1.354	2.114	Dog
Y-4ZFguO-v8M_50.000_60.000.wav	4.0969999999999995	4.489	Dog
Y-4ZFguO-v8M_50.000_60.000.wav	4.816	6.289	Dog
Y-4ZFguO-v8M_50.000_60.000.wav	6.638999999999999	8.058	Speech
Y-4ZFguO-v8M_50.000_60.000.wav	7.803	9.691	Dog
Y50Ophs2Ih-4_120.000_130.000.wav	0.0	1.818	Speech
Y50Ophs2Ih-4_120.000_130.000.wav	0.0	9.977	Blender
Y50Ophs2Ih-4_120.000_130.000.wav	7.324	8.076	Speech
Y50Ophs2Ih-4_120.000_130.000.wav	8.947000000000001	9.847000000000001	Speech
Y530yiQ7x99E_570.000_580.000.wav	1.541	2.329	Speech
Y530yiQ7x99E_570.000_580.000.wav	2.924	4.247	Speech
Y530yiQ7x99E_570.000_580.000.wav	4.471	9.988999999999999	Blender
Y53UtJp-9UYM_100.000_110.000.wav	0.0	0.439	Vacuum_cleaner
Y53UtJp-9UYM_100.000_110.000.wav	3.824	9.988999999999999	Vacuum_cleaner
Y56B_R7-40cA_60.000_70.000.wav	2.175	9.25	Running_water
Y572D_4G9cos_150.000_160.000.wav	0.0	9.671	Vacuum_cleaner
Y572D_4G9cos_150.000_160.000.wav	7.311	8.24	Speech
Y572D_4G9cos_150.000_160.000.wav	8.419	9.671	Speech
Y57wLY6lcZus_80.000_90.000.wav	0.0	2.258	Alarm_bell_ringing
Y57wLY6lcZus_80.000_90.000.wav	2.4090000000000003	3.167	Alarm_bell_ringing
Y57wLY6lcZus_80.000_90.000.wav	3.411	3.7689999999999997	Alarm_bell_ringing
Y5-AIETMDRaI_10.000_20.000.wav	1.8980000000000001	9.031	Running_water
Y5aSyIbD6jY4_70.000_80.000.wav	0.0	3.6319999999999997	Blender
Y5aSyIbD6jY4_70.000_80.000.wav	3.86	4.871	Blender
Y5aSyIbD6jY4_70.000_80.000.wav	7.766	8.45	Dishes
Y5aSyIbD6jY4_70.000_80.000.wav	9.675	10.0	Speech
Y5cRwwBaGtTA_110.000_120.000.wav	1.629	9.988999999999999	Running_water
Y5dmvNaIHaBA_350.000_360.000.wav	2.7310000000000003	3.77	Dishes
Y5dmvNaIHaBA_350.000_360.000.wav	3.975	4.5680000000000005	Dishes
Y5dmvNaIHaBA_350.000_360.000.wav	6.984	8.062000000000001	Speech
Y5dmvNaIHaBA_350.000_360.000.wav	8.865	9.832	Dishes
Y5dmvNaIHaBA_350.000_360.000.wav	9.215	10.0	Speech
Y5H6OZJ71DHo_0.000_10.000.wav	1.018	7.101	Running_water
Y5H6OZJ71DHo_0.000_10.000.wav	7.881	10.0	Running_water
Y5iT-5fccnC8_70.000_80.000.wav	0.0	9.959	Vacuum_cleaner
Y5iT-5fccnC8_70.000_80.000.wav	0.312	0.6409999999999999	Dishes
Y5J603SAj7QM_210.000_220.000.wav	0.0	10.0	Frying
Y5J603SAj7QM_210.000_220.000.wav	0.32799999999999996	0.578	Dishes
Y5J603SAj7QM_210.000_220.000.wav	0.8390000000000001	1.089	Dishes
Y5J603SAj7QM_210.000_220.000.wav	1.86	2.198	Dishes
Y5J603SAj7QM_210.000_220.000.wav	3.008	3.258	Dishes
Y5J603SAj7QM_210.000_220.000.wav	3.574	3.824	Dishes
Y5J603SAj7QM_210.000_220.000.wav	4.489	5.974	Dishes
Y5J603SAj7QM_210.000_220.000.wav	6.265	6.899	Dishes
Y5J603SAj7QM_210.000_220.000.wav	9.068	10.0	Speech
Y5MB5gjMb1oo_240.000_250.000.wav	0.201	1.5919999999999999	Running_water
Y5MB5gjMb1oo_240.000_250.000.wav	2.186	2.9610000000000003	Running_water
Y5MB5gjMb1oo_240.000_250.000.wav	4.23	10.0	Running_water
Y5P78H_fNvbg_80.000_90.000.wav	1.6469999999999998	3.9819999999999998	Running_water
Y5P78H_fNvbg_80.000_90.000.wav	7.782	9.982999999999999	Blender
Y5qx1HGIWJww_170.000_180.000.wav	0.0	0.8759999999999999	Speech
Y5qx1HGIWJww_170.000_180.000.wav	0.905	1.329	Dishes
Y5qx1HGIWJww_170.000_180.000.wav	1.484	1.766	Dishes
Y5qx1HGIWJww_170.000_180.000.wav	1.766	2.594	Speech
Y5qx1HGIWJww_170.000_180.000.wav	1.965	10.0	Frying
Y5qx1HGIWJww_170.000_180.000.wav	2.5869999999999997	2.8369999999999997	Dishes
Y5qx1HGIWJww_170.000_180.000.wav	2.5869999999999997	3.352	Dishes
Y5qx1HGIWJww_170.000_180.000.wav	2.945	3.352	Dishes
Y5qx1HGIWJww_170.000_180.000.wav	3.5069999999999997	3.9189999999999996	Dishes
Y5qx1HGIWJww_170.000_180.000.wav	3.6460000000000004	5.295	Speech
Y5qx1HGIWJww_170.000_180.000.wav	4.598	4.874	Dishes
Y5qx1HGIWJww_170.000_180.000.wav	5.4	5.795	Dishes
Y5qx1HGIWJww_170.000_180.000.wav	5.4	6.218999999999999	Dishes
Y5qx1HGIWJww_170.000_180.000.wav	5.888	6.218999999999999	Dishes
Y5qx1HGIWJww_170.000_180.000.wav	6.787999999999999	7.077999999999999	Dishes
Y5qx1HGIWJww_170.000_180.000.wav	7.914	8.45	Dishes
Y5qx1HGIWJww_170.000_180.000.wav	8.619	9.402000000000001	Dishes
Y5UMWvLV5DGU_40.000_50.000.wav	2.8989999999999996	6.581	Alarm_bell_ringing
Y5X8F5Sthk4Q_80.000_90.000.wav	0.0	4.659	Running_water
Y5Xu5FJLNTHY_500.000_510.000.wav	0.0	8.836	Vacuum_cleaner
Y5Xu5FJLNTHY_500.000_510.000.wav	8.836	9.356	Speech
Y5Xu5FJLNTHY_500.000_510.000.wav	9.619	10.0	Speech
Y5YpCQdZqbys_270.000_280.000.wav	0.0	10.0	Blender
Y5YpCQdZqbys_270.000_280.000.wav	6.087999999999999	8.811	Speech
Y64kSvAtmFAk_30.000_40.000.wav	0.0	10.0	Vacuum_cleaner
Y6ExErkijGaA_20.000_30.000.wav	3.0380000000000003	7.5089999999999995	Running_water
Y6gbAtSodiJs_20.000_30.000.wav	2.151	2.99	Alarm_bell_ringing
Y6gbAtSodiJs_20.000_30.000.wav	3.1460000000000004	5.496	Alarm_bell_ringing
Y6gbAtSodiJs_20.000_30.000.wav	6.532	10.0	Speech
Y6kKs7UKCUBA_70.000_80.000.wav	0.0	10.0	Frying
Y6kKs7UKCUBA_70.000_80.000.wav	0.282	0.532	Dishes
Y6kKs7UKCUBA_70.000_80.000.wav	4.048	4.33	Dishes
Y6kKs7UKCUBA_70.000_80.000.wav	7.925	8.371	Dishes
Y6ocUrRBIuls_340.000_350.000.wav	0.0	10.0	Vacuum_cleaner
Y6ocUrRBIuls_340.000_350.000.wav	0.3	1.475	Speech
Y6ocUrRBIuls_340.000_350.000.wav	3.1489999999999996	3.7430000000000003	Speech
Y6ocUrRBIuls_340.000_350.000.wav	5.17	5.922000000000001	Speech
Y6ocUrRBIuls_340.000_350.000.wav	9.007	10.0	Speech
Y6PwBeL3Abl8_60.000_70.000.wav	0.0	1.318	Speech
Y6PwBeL3Abl8_60.000_70.000.wav	2.7939999999999996	4.535	Speech
Y6PwBeL3Abl8_60.000_70.000.wav	4.129	4.453	Blender
Y6PwBeL3Abl8_60.000_70.000.wav	4.724	5.335	Blender
Y6PwBeL3Abl8_60.000_70.000.wav	4.724	6.0760000000000005	Blender
Y6PwBeL3Abl8_60.000_70.000.wav	5.4	6.0760000000000005	Blender
Y6PwBeL3Abl8_60.000_70.000.wav	6.635	9.118	Blender
Y6PwBeL3Abl8_60.000_70.000.wav	9.435	9.882	Blender
Y-6-rh8kbZf0_40.000_50.000.wav	0.0	10.0	Blender
Y-6-rh8kbZf0_40.000_50.000.wav	8.111	9.656	Speech
Y6-VpJy2Jeec_40.000_50.000.wav	0.066	0.754	Speech
Y6-VpJy2Jeec_40.000_50.000.wav	1.6980000000000002	10.0	Running_water
Y6VQuHBq0IXg_30.000_40.000.wav	3.613	4.33	Alarm_bell_ringing
Y6VQuHBq0IXg_30.000_40.000.wav	4.33	5.776	Speech
Y72YnuWh4r-E_90.000_100.000.wav	0.0	1.005	Speech
Y72YnuWh4r-E_90.000_100.000.wav	1.21	2.609	Speech
Y72YnuWh4r-E_90.000_100.000.wav	3.443	10.0	Electric_shaver_toothbrush
Y7agGfavyTX4_120.000_130.000.wav	0.0	10.0	Blender
Y7bebYVKl7t8_510.000_520.000.wav	0.0	1.41	Blender
Y7bebYVKl7t8_510.000_520.000.wav	1.157	3.3960000000000004	Speech
Y7bebYVKl7t8_510.000_520.000.wav	3.6489999999999996	5.827999999999999	Speech
Y7bebYVKl7t8_510.000_520.000.wav	6.075	8.878	Speech
Y7bebYVKl7t8_510.000_520.000.wav	9.172	10.0	Speech
Y7HSpbwWrii0_10.000_20.000.wav	1.056	1.6130000000000002	Speech
Y7HSpbwWrii0_10.000_20.000.wav	2.53	2.977	Speech
Y7HSpbwWrii0_10.000_20.000.wav	7.603	9.756	Alarm_bell_ringing
Y--7jZxfzemI_13.000_23.000.wav	0.0	1.328	Dog
Y--7jZxfzemI_13.000_23.000.wav	1.7009999999999998	2.025	Dog
Y--7jZxfzemI_13.000_23.000.wav	2.3409999999999997	2.673	Dog
Y--7jZxfzemI_13.000_23.000.wav	3.2560000000000002	3.823	Dog
Y--7jZxfzemI_13.000_23.000.wav	4.747	6.415	Dog
Y--7jZxfzemI_13.000_23.000.wav	8.246	9.623	Dog
Y7O_Q7A8LAhI_220.000_230.000.wav	0.0	10.0	Vacuum_cleaner
Y7-Pb33nUWKI_40.000_50.000.wav	0.0	4.582	Blender
Y7-Pb33nUWKI_40.000_50.000.wav	5.361000000000001	10.0	Blender
Y7pxNDwMWoIo_20.000_30.000.wav	0.0	6.059	Running_water
Y7sH5r4U1Nc0_590.000_600.000.wav	0.0	10.0	Blender
Y7uadxE3ZLS8_0.000_10.000.wav	0.0	10.0	Electric_shaver_toothbrush
Y7wPIQMsalK8_70.000_80.000.wav	0.0	9.567	Blender
Y7xX1g_WVYmM_100.000_110.000.wav	3.8680000000000003	10.0	Vacuum_cleaner
Y7ZTBswMDOW0_250.000_260.000.wav	0.0	10.0	Frying
Y7ZTBswMDOW0_250.000_260.000.wav	0.0	1.528	Speech
Y7ZTBswMDOW0_250.000_260.000.wav	1.751	2.309	Speech
Y7ZTBswMDOW0_250.000_260.000.wav	2.503	5.535	Speech
Y7ZTBswMDOW0_250.000_260.000.wav	5.711	7.902	Speech
Y7ZTBswMDOW0_250.000_260.000.wav	8.202	10.0	Speech
Y89TJDppJlKI_20.000_30.000.wav	0.0	6.157	Running_water
Y8fDeRi8Lqyg_40.000_50.000.wav	0.0	10.0	Running_water
Y8HbKrFYTWI4_120.000_130.000.wav	0.41700000000000004	1.903	Speech
Y8HbKrFYTWI4_120.000_130.000.wav	2.13	10.0	Frying
Y8HbKrFYTWI4_120.000_130.000.wav	4.195	5.154	Speech
Y8HbKrFYTWI4_120.000_130.000.wav	6.507999999999999	7.452000000000001	Speech
Y8HbKrFYTWI4_120.000_130.000.wav	8.148	9.012	Speech
Y-8ju6V8B5Oc_40.000_50.000.wav	0.9590000000000001	9.977	Running_water
Y8lhDSLRfZ8Q_350.000_360.000.wav	0.0	2.509	Running_water
Y8Y3du2Iw0v4_60.000_70.000.wav	0.0	2.8510000000000004	Electric_shaver_toothbrush
Y8Y3du2Iw0v4_60.000_70.000.wav	0.092	1.4140000000000001	Speech
Y8Y3du2Iw0v4_60.000_70.000.wav	6.313	10.0	Electric_shaver_toothbrush
Y8Y3du2Iw0v4_60.000_70.000.wav	7.461	8.592	Speech
Y8Y3du2Iw0v4_60.000_70.000.wav	8.765	9.873	Speech
Y97oxHi3qxs8_0.000_10.000.wav	6.237	7.621	Running_water
Y97oxHi3qxs8_0.000_10.000.wav	8.309	10.0	Running_water
Y99MfwDS1Vpc_30.000_40.000.wav	0.0	8.829	Running_water
Y9aNXDP2rv7o_220.000_230.000.wav	0.41700000000000004	0.9520000000000001	Speech
Y9aNXDP2rv7o_220.000_230.000.wav	1.8519999999999999	2.8110000000000004	Speech
Y9aNXDP2rv7o_220.000_230.000.wav	3.258	3.682	Speech
Y9aNXDP2rv7o_220.000_230.000.wav	4.107	6.567	Speech
Y9aNXDP2rv7o_220.000_230.000.wav	6.596	9.846	Blender
Y9aNXDP2rv7o_220.000_230.000.wav	8.133	9.407	Speech
Y9m96yRfGJ1I_150.000_160.000.wav	0.435	0.812	Speech
Y9m96yRfGJ1I_150.000_160.000.wav	0.812	1.4569999999999999	Dishes
Y9m96yRfGJ1I_150.000_160.000.wav	2.747	3.17	Speech
Y9m96yRfGJ1I_150.000_160.000.wav	4.465	5.852	Speech
Y9m96yRfGJ1I_150.000_160.000.wav	6.886	8.173	Speech
Y9m96yRfGJ1I_150.000_160.000.wav	8.196	8.978	Dishes
Y9m96yRfGJ1I_150.000_160.000.wav	9.465	9.953	Dishes
Y9mdHUoBmtiE_0.000_10.000.wav	0.0	10.0	Frying
Y9mdHUoBmtiE_0.000_10.000.wav	0.565	0.815	Dishes
Y9mdHUoBmtiE_0.000_10.000.wav	5.113	8.044	Speech
Y-9OUFFMZTuk_50.000_60.000.wav	0.0	0.7	Dog
Y-9OUFFMZTuk_50.000_60.000.wav	1.206	3.7289999999999996	Speech
Y-9OUFFMZTuk_50.000_60.000.wav	1.206	3.853	Dog
Y-9OUFFMZTuk_50.000_60.000.wav	4.324	5.529	Speech
Y-9OUFFMZTuk_50.000_60.000.wav	6.082000000000001	6.682	Speech
Y-9OUFFMZTuk_50.000_60.000.wav	6.871	7.312	Dog
Y-9OUFFMZTuk_50.000_60.000.wav	8.241	9.853	Speech
Y-9OUFFMZTuk_50.000_60.000.wav	9.712	10.0	Dog
Y-9P1IlNEgsM_0.000_8.000.wav	0.138	1.127	Dog
Y-9P1IlNEgsM_0.000_8.000.wav	1.454	1.704	Dog
Y-9P1IlNEgsM_0.000_8.000.wav	2.0540000000000003	2.3040000000000003	Dog
Y-9P1IlNEgsM_0.000_8.000.wav	2.825	3.075	Dog
Y-9P1IlNEgsM_0.000_8.000.wav	3.522	3.772	Dog
Y-9P1IlNEgsM_0.000_8.000.wav	4.312	4.562	Dog
Y-9P1IlNEgsM_0.000_8.000.wav	4.9719999999999995	5.5889999999999995	Dog
Y-9P1IlNEgsM_0.000_8.000.wav	5.877000000000001	6.531000000000001	Dog
Y-9P1IlNEgsM_0.000_8.000.wav	6.777	7.027	Dog
Y-9P1IlNEgsM_0.000_8.000.wav	7.4510000000000005	7.702999999999999	Dog
Y9RgAP7X9d6w_10.000_20.000.wav	1.163	2.015	Running_water
Y9RgAP7X9d6w_10.000_20.000.wav	2.985	4.26	Running_water
Y9V-F5sW1vk8_20.000_30.000.wav	0.0	9.988	Blender
Y9V-F5sW1vk8_20.000_30.000.wav	0.5529999999999999	1.176	Dishes
Y9V-F5sW1vk8_20.000_30.000.wav	1.694	2.194	Dishes
Y9V-F5sW1vk8_20.000_30.000.wav	5.224	5.4879999999999995	Dishes
Y9wdz8eKr2Qc_20.000_30.000.wav	0.0	10.0	Vacuum_cleaner
Y9xFa6pE7120_270.000_280.000.wav	0.0	10.0	Frying
Y9xFa6pE7120_270.000_280.000.wav	0.15	3.6180000000000003	Speech
Y9xFa6pE7120_270.000_280.000.wav	3.139	3.428	Dishes
Y9xFa6pE7120_270.000_280.000.wav	5.28	5.551	Dishes
Y9xFa6pE7120_270.000_280.000.wav	5.665	6.601	Speech
Y9xFa6pE7120_270.000_280.000.wav	7.242000000000001	7.582000000000001	Speech
Y9xFa6pE7120_270.000_280.000.wav	8.244	9.911	Speech
YAaFnWKLyP-o_160.000_170.000.wav	0.0	2.6489999999999996	Alarm_bell_ringing
YAaFnWKLyP-o_160.000_170.000.wav	3.6639999999999997	6.099	Alarm_bell_ringing
YAaFnWKLyP-o_160.000_170.000.wav	5.54	7.207999999999999	Speech
YAagLJkfrFMk_60.000_70.000.wav	4.918	10.0	Running_water
YAVvPNcxOuRQ_30.000_40.000.wav	0.0	10.0	Vacuum_cleaner
YAwjEqHYHp7I_110.000_120.000.wav	0.0	2.352	Speech
YAwjEqHYHp7I_110.000_120.000.wav	2.827	7.939	Speech
YAwjEqHYHp7I_110.000_120.000.wav	3.147	9.972000000000001	Frying
YAwjEqHYHp7I_110.000_120.000.wav	3.737	4.239	Dishes
YAwjEqHYHp7I_110.000_120.000.wav	6.675	6.96	Dishes
YAwjEqHYHp7I_110.000_120.000.wav	8.468	9.99	Speech
YAXpA_dWErVc_530.000_540.000.wav	0.0	10.0	Frying
YAXpA_dWErVc_530.000_540.000.wav	7.034	7.68	Dishes
YAXpA_dWErVc_530.000_540.000.wav	7.986000000000001	8.367	Dishes
YAXpA_dWErVc_530.000_540.000.wav	8.785	9.162	Dishes
YAXpA_dWErVc_530.000_540.000.wav	9.502	9.781	Dishes
YAyl4EbZXANQ_280.000_290.000.wav	0.0	4.593	Blender
YAyl4EbZXANQ_280.000_290.000.wav	5.205	8.956	Speech
YAyl4EbZXANQ_280.000_290.000.wav	7.49	8.187999999999999	Dishes
YB4Q6N08yhp8_80.000_90.000.wav	2.655	3.8939999999999997	Speech
YB4Q6N08yhp8_80.000_90.000.wav	7.106	10.0	Vacuum_cleaner
YB4Q6N08yhp8_80.000_90.000.wav	8.429	9.641	Speech
YB5-S_Jl0qWg_10.000_20.000.wav	0.0	10.0	Vacuum_cleaner
YBfsxrvRNJe0_100.000_110.000.wav	0.0	0.6809999999999999	Speech
YBfsxrvRNJe0_100.000_110.000.wav	1.025	9.347999999999999	Electric_shaver_toothbrush
YBfsxrvRNJe0_100.000_110.000.wav	9.392000000000001	10.0	Speech
Y-BJNMHMZDcU_50.000_60.000.wav	0.475	1.4069999999999998	Alarm_bell_ringing
Y-BJNMHMZDcU_50.000_60.000.wav	1.4069999999999998	4.284	Dog
Y-BJNMHMZDcU_50.000_60.000.wav	4.489	6.37	Dog
Y-BJNMHMZDcU_50.000_60.000.wav	7.037000000000001	7.749	Dog
Y-BJNMHMZDcU_50.000_60.000.wav	8.682	9.4	Dog
Y-BJNMHMZDcU_50.000_60.000.wav	9.679	10.0	Dog
YBMiWTybWmiQ_30.000_40.000.wav	0.0	10.0	Blender
YBO6t_yaF-vM_20.000_30.000.wav	4.7589999999999995	9.988999999999999	Running_water
Y-Bp9Q5aYLOc_70.000_80.000.wav	0.0	10.0	Vacuum_cleaner
YBQ7Nj7WJL8U_70.000_80.000.wav	0.0	0.67	Speech
YBQ7Nj7WJL8U_70.000_80.000.wav	2.568	3.1319999999999997	Dishes
YBQ7Nj7WJL8U_70.000_80.000.wav	4.189	4.439	Dishes
YBQ7Nj7WJL8U_70.000_80.000.wav	4.289	4.824	Speech
YBQ7Nj7WJL8U_70.000_80.000.wav	4.994	5.244	Dishes
YBQ7Nj7WJL8U_70.000_80.000.wav	6.257000000000001	6.557	Dishes
YBQ7Nj7WJL8U_70.000_80.000.wav	7.256	7.506	Dishes
YBQ7Nj7WJL8U_70.000_80.000.wav	7.591	8.026	Speech
YBQ7Nj7WJL8U_70.000_80.000.wav	7.709	7.983	Dishes
YBQ7Nj7WJL8U_70.000_80.000.wav	8.437000000000001	8.738	Dishes
YBQ7Nj7WJL8U_70.000_80.000.wav	9.197000000000001	10.0	Speech
YBuCXr4C5RRc_270.000_280.000.wav	0.0	6.617999999999999	Blender
YCDzXaXXJbEM_10.000_20.000.wav	0.0	10.0	Vacuum_cleaner
YCFlJ3s8bThc_10.000_20.000.wav	7.747000000000001	9.996	Blender
YCFQQgBvv2xQ_100.000_110.000.wav	1.896	10.0	Vacuum_cleaner
YChKx4LnaiUg_30.000_40.000.wav	0.0	10.0	Electric_shaver_toothbrush
YChKx4LnaiUg_30.000_40.000.wav	2.1959999999999997	6.12	Speech
YChKx4LnaiUg_30.000_40.000.wav	7.152	7.474	Speech
YChKx4LnaiUg_30.000_40.000.wav	9.246	10.0	Speech
YCIHeWEyXlBo_380.000_390.000.wav	0.0	10.0	Blender
YCIHeWEyXlBo_380.000_390.000.wav	5.432	7.416	Speech
YCIHeWEyXlBo_380.000_390.000.wav	8.36	9.347999999999999	Speech
YCNhIye_TpYo_0.000_10.000.wav	2.303	10.0	Electric_shaver_toothbrush
YCNhIye_TpYo_0.000_10.000.wav	7.92	9.6	Speech
YCQYU1BKgEvk_30.000_40.000.wav	0.0	9.988	Frying
YCUpj8e4vfr0_10.000_20.000.wav	0.0	10.0	Vacuum_cleaner
YCYQJHHZsfA0_20.000_30.000.wav	0.0	10.0	Blender
Ycz7OeuatTF4_40.000_50.000.wav	2.094	3.968	Running_water
Ycz7OeuatTF4_40.000_50.000.wav	4.524	6.545	Running_water
Ycz7OeuatTF4_40.000_50.000.wav	8.397	10.0	Running_water
Yd86YYbaFeRc_30.000_40.000.wav	1.31	4.289	Speech
Yd86YYbaFeRc_30.000_40.000.wav	4.718	10.0	Alarm_bell_ringing
YDcuiRMRt1gs_30.000_40.000.wav	0.0	10.0	Frying
YDcuiRMRt1gs_30.000_40.000.wav	4.334	4.749	Dishes
YDcuiRMRt1gs_30.000_40.000.wav	8.373	8.967	Dishes
YDcuiRMRt1gs_30.000_40.000.wav	9.261000000000001	9.561	Dishes
Y-dDpGRPHzM0_30.000_40.000.wav	0.759	1.2	Speech
Y-dDpGRPHzM0_30.000_40.000.wav	1.5119999999999998	2.641	Speech
Y-dDpGRPHzM0_30.000_40.000.wav	3.412	3.9760000000000004	Dog
Y-dDpGRPHzM0_30.000_40.000.wav	4.0760000000000005	5.112	Speech
Y-dDpGRPHzM0_30.000_40.000.wav	5.812	7.9	Dog
Y-dDpGRPHzM0_30.000_40.000.wav	8.147	10.0	Speech
YDGbDRGO2qEw_90.000_100.000.wav	0.0	3.549	Speech
YDGbDRGO2qEw_90.000_100.000.wav	4.361000000000001	5.602	Alarm_bell_ringing
YDGbDRGO2qEw_90.000_100.000.wav	5.83	7.071000000000001	Speech
YDGbDRGO2qEw_90.000_100.000.wav	7.892	8.558	Speech
YDGbDRGO2qEw_90.000_100.000.wav	8.712	9.355	Speech
YDGNPn0onZlY_30.000_40.000.wav	0.0	10.0	Alarm_bell_ringing
YD-lPu_FeOM0_180.000_190.000.wav	1.675	5.3	Blender
YD-lPu_FeOM0_180.000_190.000.wav	5.812	9.96	Blender
YDOjo6_9WxCo_30.000_40.000.wav	0.07	1.047	Speech
YDOjo6_9WxCo_30.000_40.000.wav	2.7880000000000003	3.2	Speech
YDOjo6_9WxCo_30.000_40.000.wav	3.529	9.982999999999999	Vacuum_cleaner
YE31PuovQDic_380.000_390.000.wav	0.0	10.0	Frying
YE31PuovQDic_380.000_390.000.wav	3.555	4.16	Dishes
YE31PuovQDic_380.000_390.000.wav	7.484	8.055	Dishes
YE3SHLh_qAeg_90.000_100.000.wav	0.0	9.982999999999999	Vacuum_cleaner
YF91ueYOdGfI_400.000_410.000.wav	1.445	9.177	Alarm_bell_ringing
YFb-PKnTdkF0_40.000_50.000.wav	0.0	10.0	Running_water
YFb-PKnTdkF0_40.000_50.000.wav	7.0089999999999995	7.926	Speech
Y-furRVKz4ac_30.000_40.000.wav	0.0	9.971	Dog
YG3yk9UXVB9g_20.000_30.000.wav	0.3	5.124	Speech
YG3yk9UXVB9g_20.000_30.000.wav	5.893	10.0	Vacuum_cleaner
YG8mATrGBVYs_40.000_50.000.wav	0.0	10.0	Running_water
Ygcpwj8O1cYc_200.000_210.000.wav	0.0	2.548	Speech
Ygcpwj8O1cYc_200.000_210.000.wav	3.009	4.173	Speech
Ygcpwj8O1cYc_200.000_210.000.wav	4.348	9.472999999999999	Running_water
Ygcpwj8O1cYc_200.000_210.000.wav	4.5969999999999995	5.138999999999999	Dishes
Ygcpwj8O1cYc_200.000_210.000.wav	5.322	7.723	Speech
Ygcpwj8O1cYc_200.000_210.000.wav	5.417000000000001	5.672999999999999	Dishes
Ygcpwj8O1cYc_200.000_210.000.wav	6.53	6.867000000000001	Dishes
Ygcpwj8O1cYc_200.000_210.000.wav	7.577000000000001	7.855	Dishes
Ygcpwj8O1cYc_200.000_210.000.wav	8.075	8.441	Dishes
Ygcpwj8O1cYc_200.000_210.000.wav	8.28	8.785	Speech
Ygcpwj8O1cYc_200.000_210.000.wav	8.982000000000001	10.0	Speech
Ygcpwj8O1cYc_200.000_210.000.wav	9.546	10.0	Dishes
Y-glXSSR3QZM_170.000_180.000.wav	0.264	2.4659999999999997	Speech
Y-glXSSR3QZM_170.000_180.000.wav	1.351	1.601	Alarm_bell_ringing
Y-glXSSR3QZM_170.000_180.000.wav	2.8480000000000003	5.957999999999999	Speech
Y-glXSSR3QZM_170.000_180.000.wav	6.171	6.421	Alarm_bell_ringing
Y-glXSSR3QZM_170.000_180.000.wav	6.603	9.402000000000001	Alarm_bell_ringing
Y-glXSSR3QZM_170.000_180.000.wav	6.689	8.157	Speech
Y-glXSSR3QZM_170.000_180.000.wav	8.966000000000001	10.0	Speech
YGMBup-GU8oM_40.000_50.000.wav	0.0	10.0	Vacuum_cleaner
Y-GQtDyZq5y4_30.000_40.000.wav	1.318	3.2939999999999996	Dog
Y-GQtDyZq5y4_30.000_40.000.wav	3.7119999999999997	5.6	Dog
Y-GQtDyZq5y4_30.000_40.000.wav	8.071	9.894	Dog
YGRO7A7F-IA0_50.000_60.000.wav	0.0	10.0	Running_water
YGvWm5TyWgPc_10.000_20.000.wav	0.586	3.2939999999999996	Alarm_bell_ringing
YGvWm5TyWgPc_10.000_20.000.wav	5.088	7.496	Alarm_bell_ringing
YgY1k1H3JwLw_30.000_40.000.wav	0.10400000000000001	1.2409999999999999	Speech
YgY1k1H3JwLw_30.000_40.000.wav	1.714	2.787	Speech
YgY1k1H3JwLw_30.000_40.000.wav	3.185	7.478	Speech
YgY1k1H3JwLw_30.000_40.000.wav	5.712999999999999	10.0	Electric_shaver_toothbrush
YgY1k1H3JwLw_30.000_40.000.wav	7.94	8.806000000000001	Speech
YGZ4zl72qSsY_50.000_60.000.wav	1.72	10.0	Running_water
YH69K1QTcklQ_300.000_310.000.wav	0.0	10.0	Electric_shaver_toothbrush
Y_HDolAn2_us_60.000_70.000.wav	3.2239999999999998	5.706	Alarm_bell_ringing
Y_HDolAn2_us_60.000_70.000.wav	7.252999999999999	9.982999999999999	Speech
YHGJA33enbP8_40.000_50.000.wav	3.821	10.0	Running_water
Yhj_dL9NpsMk_10.000_20.000.wav	0.319	1.335	Electric_shaver_toothbrush
Yhj_dL9NpsMk_10.000_20.000.wav	1.8090000000000002	7.071000000000001	Electric_shaver_toothbrush
Yhj_dL9NpsMk_10.000_20.000.wav	7.482	9.629	Electric_shaver_toothbrush
YhlG2-K5ZIkY_80.000_90.000.wav	0.0	9.971	Alarm_bell_ringing
Y-HmpSQ-yFFc_0.000_10.000.wav	0.0	6.671	Running_water
Y-HmpSQ-yFFc_0.000_10.000.wav	3.141	6.952999999999999	Speech
Y-HmpSQ-yFFc_0.000_10.000.wav	7.287999999999999	9.206	Speech
Y-HmpSQ-yFFc_0.000_10.000.wav	9.571	10.0	Speech
YhPwyvO-Bzt8_570.000_580.000.wav	0.0	10.0	Electric_shaver_toothbrush
YhrsczWY36p8_190.000_200.000.wav	0.0	10.0	Electric_shaver_toothbrush
YhrsczWY36p8_190.000_200.000.wav	0.0	2.714	Speech
YhrsczWY36p8_190.000_200.000.wav	5.435	6.692	Speech
YHsMCQVHsXSY_470.000_480.000.wav	0.0	7.318	Running_water
YHsMCQVHsXSY_470.000_480.000.wav	8.271	9.176	Speech
Yi7VpXVrrTPs_30.000_40.000.wav	0.0	1.742	Alarm_bell_ringing
Yi7VpXVrrTPs_30.000_40.000.wav	2.1959999999999997	3.873	Alarm_bell_ringing
YIbEqfqTarSQ_210.000_220.000.wav	0.0	10.0	Vacuum_cleaner
YIDrS33tGhJo_140.000_150.000.wav	0.637	1.889	Alarm_bell_ringing
YIDrS33tGhJo_140.000_150.000.wav	2.8989999999999996	6.581	Alarm_bell_ringing
YIDrS33tGhJo_140.000_150.000.wav	7.255	10.0	Alarm_bell_ringing
YiEPr3WdvTM0_150.000_160.000.wav	1.3319999999999999	1.5819999999999999	Alarm_bell_ringing
YiEPr3WdvTM0_150.000_160.000.wav	1.669	3.023	Speech
YiEPr3WdvTM0_150.000_160.000.wav	5.022	6.002999999999999	Alarm_bell_ringing
YiEPr3WdvTM0_150.000_160.000.wav	6.303	7.189	Alarm_bell_ringing
YIjgCZlauTl8_40.000_50.000.wav	3.7910000000000004	5.188	Speech
YIjgCZlauTl8_40.000_50.000.wav	6.37	7.4670000000000005	Speech
YIjgCZlauTl8_40.000_50.000.wav	8.044	10.0	Vacuum_cleaner
YImHzoh9GdKM_60.000_70.000.wav	0.0	9.971	Electric_shaver_toothbrush
YImHzoh9GdKM_60.000_70.000.wav	0.28800000000000003	1.206	Speech
YImHzoh9GdKM_60.000_70.000.wav	1.429	2.4290000000000003	Speech
YImHzoh9GdKM_60.000_70.000.wav	2.865	6.582000000000001	Speech
YImHzoh9GdKM_60.000_70.000.wav	6.806	8.229	Speech
YImHzoh9GdKM_60.000_70.000.wav	8.512	9.712	Speech
YI_qBcFL7rys_0.000_3.000.wav	0.086	1.272	Alarm_bell_ringing
YI_qBcFL7rys_0.000_3.000.wav	1.652	2.844	Alarm_bell_ringing
YIuKYDovQ79I_350.000_360.000.wav	0.9990000000000001	1.663	Speech
YIuKYDovQ79I_350.000_360.000.wav	2.28	3.737	Speech
YIuKYDovQ79I_350.000_360.000.wav	2.761	3.602	Dishes
YIuKYDovQ79I_350.000_360.000.wav	4.313	5.564	Speech
YIuKYDovQ79I_350.000_360.000.wav	6.434	7.015	Dishes
YIuKYDovQ79I_350.000_360.000.wav	7.82	8.812999999999999	Speech
YIuKYDovQ79I_350.000_360.000.wav	9.307	10.0	Speech
YIXRXuv9v7cM_80.000_90.000.wav	0.0	10.0	Alarm_bell_ringing
YIXRXuv9v7cM_80.000_90.000.wav	0.0	1.301	Speech
YIXRXuv9v7cM_80.000_90.000.wav	1.795	4.2410000000000005	Speech
YIXRXuv9v7cM_80.000_90.000.wav	4.945	8.886000000000001	Speech
YIXRXuv9v7cM_80.000_90.000.wav	9.475	10.0	Speech
YJg1jycR1zGQ_30.000_40.000.wav	0.0	0.5479999999999999	Speech
YJg1jycR1zGQ_30.000_40.000.wav	0.0	10.0	Running_water
YJg1jycR1zGQ_30.000_40.000.wav	1.8230000000000002	2.6660000000000004	Speech
YJg1jycR1zGQ_30.000_40.000.wav	2.839	3.4389999999999996	Dishes
YJg1jycR1zGQ_30.000_40.000.wav	3.716	4.16	Dishes
YJg1jycR1zGQ_30.000_40.000.wav	4.53	5.978	Dishes
YJg1jycR1zGQ_30.000_40.000.wav	5.545	6.255	Speech
YJg1jycR1zGQ_30.000_40.000.wav	7.357	10.0	Speech
YJg1jycR1zGQ_30.000_40.000.wav	7.767	8.777000000000001	Dishes
YJODPEwUPyUE_40.000_50.000.wav	0.0	10.0	Electric_shaver_toothbrush
YjSlHfmxMjpA_150.000_160.000.wav	1.9280000000000002	5.038	Alarm_bell_ringing
YjSlHfmxMjpA_150.000_160.000.wav	4.229	6.141	Speech
YjSlHfmxMjpA_150.000_160.000.wav	6.476	7.441	Speech
YjSlHfmxMjpA_150.000_160.000.wav	7.853	9.135	Speech
YK0OM1kMgtek_30.000_40.000.wav	0.956	1.275	Dishes
YK0OM1kMgtek_30.000_40.000.wav	1.9169999999999998	2.387	Dishes
Y-K0wP_zCTvA_30.000_40.000.wav	0.15	1.7080000000000002	Dog
Y-K0wP_zCTvA_30.000_40.000.wav	4.172	5.216	Dog
Y-K0wP_zCTvA_30.000_40.000.wav	5.8629999999999995	6.405	Dog
YKa1vVow0j6w_40.000_50.000.wav	0.0	10.0	Vacuum_cleaner
YKa1vVow0j6w_40.000_50.000.wav	0.0	3.779	Running_water
Y-kCWX1wjibc_30.000_40.000.wav	0.45299999999999996	0.747	Speech
Y-kCWX1wjibc_30.000_40.000.wav	0.894	3.347	Dog
Y-kCWX1wjibc_30.000_40.000.wav	5.376	8.365	Dog
Y-kCWX1wjibc_30.000_40.000.wav	9.729	9.988999999999999	Dog
YKGET1dnWDnQ_30.000_40.000.wav	2.485	5.006	Alarm_bell_ringing
YKGET1dnWDnQ_30.000_40.000.wav	8.496	10.0	Alarm_bell_ringing
YK_J3sr7Q8nM_40.000_50.000.wav	0.488	1.08	Alarm_bell_ringing
YK_J3sr7Q8nM_40.000_50.000.wav	1.4280000000000002	1.6780000000000002	Alarm_bell_ringing
YK_J3sr7Q8nM_40.000_50.000.wav	1.855	2.105	Alarm_bell_ringing
YK_J3sr7Q8nM_40.000_50.000.wav	4.446000000000001	5.093	Alarm_bell_ringing
YK_J3sr7Q8nM_40.000_50.000.wav	5.692	5.999	Alarm_bell_ringing
YK_J3sr7Q8nM_40.000_50.000.wav	6.385	6.854	Alarm_bell_ringing
YK_J3sr7Q8nM_40.000_50.000.wav	7.064	7.622999999999999	Alarm_bell_ringing
YKn1DpReuHy0_120.000_130.000.wav	0.852	1.798	Speech
YKn1DpReuHy0_120.000_130.000.wav	1.2570000000000001	10.0	Electric_shaver_toothbrush
YKn1DpReuHy0_120.000_130.000.wav	3.931	5.3	Speech
YKn1DpReuHy0_120.000_130.000.wav	6.157	10.0	Speech
YKv0-h1ikdL4_0.000_10.000.wav	2.249	10.0	Vacuum_cleaner
Y-LqG7GIW8UQ_110.000_120.000.wav	0.9279999999999999	1.178	Dog
Y-LqG7GIW8UQ_110.000_120.000.wav	2.3209999999999997	2.7089999999999996	Dog
Y-LqG7GIW8UQ_110.000_120.000.wav	3.0669999999999997	5.053	Dog
YM1-0hqpMYDo_0.000_10.000.wav	0.05	0.375	Alarm_bell_ringing
YM1-0hqpMYDo_0.000_10.000.wav	0.542	0.861	Alarm_bell_ringing
YM1-0hqpMYDo_0.000_10.000.wav	1.044	1.368	Alarm_bell_ringing
YM1-0hqpMYDo_0.000_10.000.wav	1.5390000000000001	1.859	Alarm_bell_ringing
YM1-0hqpMYDo_0.000_10.000.wav	2.037	2.366	Alarm_bell_ringing
YM1-0hqpMYDo_0.000_10.000.wav	2.535	2.853	Alarm_bell_ringing
YM1-0hqpMYDo_0.000_10.000.wav	3.035	3.345	Alarm_bell_ringing
YM1-0hqpMYDo_0.000_10.000.wav	3.528	3.852	Alarm_bell_ringing
YM1-0hqpMYDo_0.000_10.000.wav	4.032	4.3389999999999995	Alarm_bell_ringing
YM1-0hqpMYDo_0.000_10.000.wav	4.525	4.841	Alarm_bell_ringing
YM1-0hqpMYDo_0.000_10.000.wav	5.027	5.3389999999999995	Alarm_bell_ringing
YM1-0hqpMYDo_0.000_10.000.wav	5.521	5.84	Alarm_bell_ringing
YM1-0hqpMYDo_0.000_10.000.wav	6.021	6.332000000000001	Alarm_bell_ringing
YM1-0hqpMYDo_0.000_10.000.wav	6.516	6.836	Alarm_bell_ringing
YM1-0hqpMYDo_0.000_10.000.wav	7.016	7.34	Alarm_bell_ringing
YM1-0hqpMYDo_0.000_10.000.wav	7.511	7.836	Alarm_bell_ringing
YM1-0hqpMYDo_0.000_10.000.wav	8.013	8.332	Alarm_bell_ringing
YM1-0hqpMYDo_0.000_10.000.wav	8.503	8.824	Alarm_bell_ringing
YM1-0hqpMYDo_0.000_10.000.wav	9.005	9.321	Alarm_bell_ringing
YM1-0hqpMYDo_0.000_10.000.wav	9.5	9.823	Alarm_bell_ringing
Y-mdPX2djAUY_10.000_20.000.wav	0.115	1.177	Dog
Y-mdPX2djAUY_10.000_20.000.wav	2.9019999999999997	3.895	Dog
Y-mdPX2djAUY_10.000_20.000.wav	4.9910000000000005	6.486000000000001	Dog
Y-mdPX2djAUY_10.000_20.000.wav	7.53	8.187999999999999	Dog
Y-mdPX2djAUY_10.000_20.000.wav	8.956	10.0	Dog
YMGVGO9mnvMQ_7.000_17.000.wav	0.10300000000000001	0.433	Alarm_bell_ringing
YMGVGO9mnvMQ_7.000_17.000.wav	0.596	0.9420000000000001	Alarm_bell_ringing
YMGVGO9mnvMQ_7.000_17.000.wav	1.104	1.4240000000000002	Alarm_bell_ringing
YMGVGO9mnvMQ_7.000_17.000.wav	1.6019999999999999	1.933	Alarm_bell_ringing
YMGVGO9mnvMQ_7.000_17.000.wav	2.095	2.436	Alarm_bell_ringing
Y-naZXDdh9Ps_30.000_40.000.wav	0.0	1.052	Dog
Y-naZXDdh9Ps_30.000_40.000.wav	1.722	2.3680000000000003	Dog
Y-naZXDdh9Ps_30.000_40.000.wav	2.832	4.495	Dog
Y-naZXDdh9Ps_30.000_40.000.wav	4.665	5.622999999999999	Dog
Y-naZXDdh9Ps_30.000_40.000.wav	6.297999999999999	7.256	Dog
Y-naZXDdh9Ps_30.000_40.000.wav	7.497000000000001	9.089	Dog
YNLfNL24ZRwE_130.000_140.000.wav	0.0	4.0969999999999995	Running_water
YNQklJ9BEiLA_110.000_120.000.wav	0.0	10.0	Electric_shaver_toothbrush
YnsxAMfzY_Wo_160.000_170.000.wav	0.0	2.803	Speech
YnsxAMfzY_Wo_160.000_170.000.wav	3.843	7.374	Alarm_bell_ringing
YofDKJJpUhuY_80.000_90.000.wav	0.0	5.4239999999999995	Alarm_bell_ringing
YofDKJJpUhuY_80.000_90.000.wav	6.157	8.078	Alarm_bell_ringing
YofDKJJpUhuY_80.000_90.000.wav	8.523	9.879	Speech
YOTsn73eqbfc_10.000_20.000.wav	0.163	0.665	Alarm_bell_ringing
YOTsn73eqbfc_10.000_20.000.wav	1.163	1.659	Alarm_bell_ringing
YOTsn73eqbfc_10.000_20.000.wav	2.166	2.661	Alarm_bell_ringing
YOTsn73eqbfc_10.000_20.000.wav	3.161	3.661	Alarm_bell_ringing
YOTsn73eqbfc_10.000_20.000.wav	4.164	4.665	Alarm_bell_ringing
YOTsn73eqbfc_10.000_20.000.wav	5.1610000000000005	5.6610000000000005	Alarm_bell_ringing
YOTsn73eqbfc_10.000_20.000.wav	6.1610000000000005	6.66	Alarm_bell_ringing
YOTsn73eqbfc_10.000_20.000.wav	7.1610000000000005	7.662000000000001	Alarm_bell_ringing
YOTsn73eqbfc_10.000_20.000.wav	8.162	8.663	Alarm_bell_ringing
YOTsn73eqbfc_10.000_20.000.wav	9.162	9.662	Alarm_bell_ringing
YP-svHk3eMiU_60.000_70.000.wav	0.0	0.6	Speech
YP-svHk3eMiU_60.000_70.000.wav	4.473	7.057	Alarm_bell_ringing
YP-svHk3eMiU_60.000_70.000.wav	4.473	7.65	Speech
Y-PxusaPCH98_30.000_40.000.wav	0.355	0.6609999999999999	Dog
Y-PxusaPCH98_30.000_40.000.wav	1.097	1.376	Dog
Y-PxusaPCH98_30.000_40.000.wav	2.041	2.312	Dog
Y-PxusaPCH98_30.000_40.000.wav	5.382999999999999	5.653	Dog
Y-PxusaPCH98_30.000_40.000.wav	5.899	6.465	Dog
Y-PxusaPCH98_30.000_40.000.wav	6.957000000000001	7.235	Dog
Y-PxusaPCH98_30.000_40.000.wav	8.792	9.094	Dog
Y-PxusaPCH98_30.000_40.000.wav	9.636000000000001	9.908999999999999	Dog
YqEK2iFg_wT8_120.000_130.000.wav	1.3159999999999998	7.691	Electric_shaver_toothbrush
YqEK2iFg_wT8_120.000_130.000.wav	8.777999999999999	9.242	Speech
YQmGZDxks87s_100.000_110.000.wav	0.0	9.982999999999999	Running_water
YQmGZDxks87s_100.000_110.000.wav	5.306	6.587999999999999	Speech
YQmGZDxks87s_100.000_110.000.wav	6.752999999999999	9.494	Speech
YqslWda0kTxA_50.000_60.000.wav	0.0	7.865	Speech
YqslWda0kTxA_50.000_60.000.wav	7.928999999999999	10.0	Electric_shaver_toothbrush
YqslWda0kTxA_50.000_60.000.wav	8.741	9.059	Speech
YRcquN5Lwo34_0.000_10.000.wav	0.0	9.982999999999999	Running_water
YRfbN44xVLWU_150.000_160.000.wav	0.0	5.041	Running_water
YRfbN44xVLWU_150.000_160.000.wav	6.224	9.129	Running_water
YRzxOif-w7mE_0.000_10.000.wav	0.456	2.147	Alarm_bell_ringing
YRzxOif-w7mE_0.000_10.000.wav	4.368	6.145	Speech
YRzxOif-w7mE_0.000_10.000.wav	6.405	7.271	Speech
YRzxOif-w7mE_0.000_10.000.wav	7.542000000000001	9.435	Speech
YSb0N-XshN-c_410.000_420.000.wav	0.006999999999999999	2.039	Speech
YSb0N-XshN-c_410.000_420.000.wav	2.291	4.753	Speech
YSb0N-XshN-c_410.000_420.000.wav	4.912	5.635	Speech
YSb0N-XshN-c_410.000_420.000.wav	5.792999999999999	7.403	Speech
YSb0N-XshN-c_410.000_420.000.wav	7.761	9.818	Speech
YSb0N-XshN-c_410.000_420.000.wav	9.75	10.0	Alarm_bell_ringing
YS_dR6POcFiw_0.000_10.000.wav	0.0	9.506	Running_water
Y-sgDyi4BY-0_30.000_40.000.wav	0.0	0.652	Dog
Y-sgDyi4BY-0_30.000_40.000.wav	0.857	1.23	Dog
Y-sgDyi4BY-0_30.000_40.000.wav	2.123	2.562	Dog
Y-sgDyi4BY-0_30.000_40.000.wav	2.767	3.2939999999999996	Dog
Y-sgDyi4BY-0_30.000_40.000.wav	3.463	4.056	Dog
Y-sgDyi4BY-0_30.000_40.000.wav	4.297	4.671	Dog
Y-sgDyi4BY-0_30.000_40.000.wav	4.956	5.234	Dog
Y-sgDyi4BY-0_30.000_40.000.wav	5.468999999999999	5.849	Dog
Y-sgDyi4BY-0_30.000_40.000.wav	6.171	6.435	Dog
Y-sgDyi4BY-0_30.000_40.000.wav	6.64	6.933	Dog
Y-sgDyi4BY-0_30.000_40.000.wav	7.1160000000000005	7.372000000000001	Dog
Y-sgDyi4BY-0_30.000_40.000.wav	7.599	7.87	Dog
Y-sgDyi4BY-0_30.000_40.000.wav	8.104	8.367	Dog
Y-sgDyi4BY-0_30.000_40.000.wav	8.587	8.88	Dog
Y-sgDyi4BY-0_30.000_40.000.wav	9.113999999999999	9.385	Dog
YSuKtxWhkWjo_40.000_50.000.wav	0.0	0.25	Alarm_bell_ringing
YSuKtxWhkWjo_40.000_50.000.wav	0.41100000000000003	0.7340000000000001	Alarm_bell_ringing
YSuKtxWhkWjo_40.000_50.000.wav	0.893	1.246	Alarm_bell_ringing
YSuKtxWhkWjo_40.000_50.000.wav	1.3980000000000001	2.25	Alarm_bell_ringing
YSuKtxWhkWjo_40.000_50.000.wav	2.4090000000000003	4.718	Alarm_bell_ringing
YSuKtxWhkWjo_40.000_50.000.wav	4.894	5.247000000000001	Alarm_bell_ringing
YSuKtxWhkWjo_40.000_50.000.wav	5.4110000000000005	6.745	Alarm_bell_ringing
YSuKtxWhkWjo_40.000_50.000.wav	6.904	7.233	Alarm_bell_ringing
YSuKtxWhkWjo_40.000_50.000.wav	7.397	7.756	Alarm_bell_ringing
YSuKtxWhkWjo_40.000_50.000.wav	7.914	8.243	Alarm_bell_ringing
YSuKtxWhkWjo_40.000_50.000.wav	8.396	8.731	Alarm_bell_ringing
YSuKtxWhkWjo_40.000_50.000.wav	8.895	9.242	Alarm_bell_ringing
YSuKtxWhkWjo_40.000_50.000.wav	9.418	9.724	Alarm_bell_ringing
YT04eSlGI3K0_20.000_30.000.wav	0.035	9.982999999999999	Electric_shaver_toothbrush
Y-T9PDWg_EeU_30.000_40.000.wav	0.0	1.892	Dog
Y-T9PDWg_EeU_30.000_40.000.wav	3.2260000000000004	6.997999999999999	Dog
Y-T9PDWg_EeU_30.000_40.000.wav	8.502	10.0	Dog
YTNo-Rtxix7s_220.000_230.000.wav	0.0	3.227	Running_water
YTUOyN4QdPyY_160.000_170.000.wav	0.0	1.016	Speech
YTUOyN4QdPyY_160.000_170.000.wav	1.9269999999999998	3.09	Speech
YTUOyN4QdPyY_160.000_170.000.wav	3.378	10.0	Frying
YTUOyN4QdPyY_160.000_170.000.wav	5.3	6.727	Speech
YTUOyN4QdPyY_160.000_170.000.wav	6.1339999999999995	6.481	Dishes
YTUOyN4QdPyY_160.000_170.000.wav	8.308	9.095	Speech
YU7iyCO9sKxA_360.000_370.000.wav	0.0	0.71	Speech
YU7iyCO9sKxA_360.000_370.000.wav	1.125	2.989	Speech
YU7iyCO9sKxA_360.000_370.000.wav	1.518	3.97	Alarm_bell_ringing
YU7iyCO9sKxA_360.000_370.000.wav	3.364	4.68	Speech
YU7iyCO9sKxA_360.000_370.000.wav	5.28	9.273	Speech
YUl2QoW9nNls_50.000_60.000.wav	0.0	10.0	Running_water
Y_URfKwl2kYU_130.000_140.000.wav	4.9239999999999995	10.0	Electric_shaver_toothbrush
YV6DOcZCxgXM_50.000_60.000.wav	0.0	10.0	Running_water
YvKMwxK8ZLYM_50.000_60.000.wav	0.0	10.0	Electric_shaver_toothbrush
Y-vmRy0dU5kQ_0.000_5.000.wav	0.594	1.755	Dog
YWC41jM0L1i4_0.000_10.000.wav	4.524	9.982999999999999	Alarm_bell_ringing
YX_Yu2jbBmVc_3.000_13.000.wav	5.702999999999999	9.174	Alarm_bell_ringing
Y-Y2x_3lyCqY_10.000_20.000.wav	0.0	10.0	Dog
Y-YEkSU7gXLw_30.000_40.000.wav	0.479	0.877	Dog
Y-YEkSU7gXLw_30.000_40.000.wav	1.062	1.3559999999999999	Dog
Y-YEkSU7gXLw_30.000_40.000.wav	2.8680000000000003	3.537	Dog
Y-YEkSU7gXLw_30.000_40.000.wav	3.78	5.101	Dog
Y-YEkSU7gXLw_30.000_40.000.wav	6.705	6.955	Dog
Y-YEkSU7gXLw_30.000_40.000.wav	7.252999999999999	7.542000000000001	Dog
Y-YmyB631yvU_40.000_50.000.wav	0.0	1.425	Speech
Y-YmyB631yvU_40.000_50.000.wav	3.242	3.753	Dishes
Y-YmyB631yvU_40.000_50.000.wav	3.806	5.443	Speech
Y-YmyB631yvU_40.000_50.000.wav	4.626	5.4510000000000005	Dishes
Y-YmyB631yvU_40.000_50.000.wav	6.075	9.828	Speech
Y-YmyB631yvU_40.000_50.000.wav	7.506	7.928	Dishes
Y-z9G9RrH9so_320.000_330.000.wav	0.473	1.079	Dishes
Y-z9G9RrH9so_320.000_330.000.wav	1.3419999999999999	1.604	Dishes
Y-z9G9RrH9so_320.000_330.000.wav	1.777	2.778	Speech
Y-z9G9RrH9so_320.000_330.000.wav	2.761	5.796	Blender
Y-z9G9RrH9so_320.000_330.000.wav	5.343	9.524	Speech
YzmEIzXrDprw_0.000_10.000.wav	1.253	3.4760000000000004	Alarm_bell_ringing
YzmEIzXrDprw_0.000_10.000.wav	4.135	5.112	Speech
YzmEIzXrDprw_0.000_10.000.wav	8.965	9.988999999999999	Speech
